{
  "hash": "39536c0c",
  "configHash": "cc77e770",
  "lockfileHash": "2d2c75cc",
  "browserHash": "75fc9204",
  "optimized": {
    "@angular/core": {
      "src": "../../../../../node_modules/@angular/core/fesm2022/core.mjs",
      "file": "@angular_core.js",
      "fileHash": "307c26e3",
      "needsInterop": false
    },
    "@angular/platform-browser": {
      "src": "../../../../../node_modules/@angular/platform-browser/fesm2022/platform-browser.mjs",
      "file": "@angular_platform-browser.js",
      "fileHash": "dfd40c78",
      "needsInterop": false
    },
    "@angular/router": {
      "src": "../../../../../node_modules/@angular/router/fesm2022/router.mjs",
      "file": "@angular_router.js",
      "fileHash": "b2b51e84",
      "needsInterop": false
    },
    "@angular/common": {
      "src": "../../../../../node_modules/@angular/common/fesm2022/common.mjs",
      "file": "@angular_common.js",
      "fileHash": "c20811e4",
      "needsInterop": false
    },
    "@angular/forms": {
      "src": "../../../../../node_modules/@angular/forms/fesm2022/forms.mjs",
      "file": "@angular_forms.js",
      "fileHash": "0cd7010b",
      "needsInterop": false
    }
  },
  "chunks": {
    "chunk-2K7GTJIY": {
      "file": "chunk-2K7GTJIY.js"
    },
    "chunk-BDSR2EP6": {
      "file": "chunk-BDSR2EP6.js"
    },
    "chunk-NGLUOGFD": {
      "file": "chunk-NGLUOGFD.js"
    }
  }
}