{
  "hash": "80278c74",
  "configHash": "a8e86a8d",
  "lockfileHash": "2d2c75cc",
  "browserHash": "04c20719",
  "optimized": {
    "@angular/core": {
      "src": "../../../../../node_modules/@angular/core/fesm2022/core.mjs",
      "file": "@angular_core.js",
      "fileHash": "6ed55836",
      "needsInterop": false
    },
    "@angular/platform-browser": {
      "src": "../../../../../node_modules/@angular/platform-browser/fesm2022/platform-browser.mjs",
      "file": "@angular_platform-browser.js",
      "fileHash": "ee14c7a0",
      "needsInterop": false
    },
    "@angular/router": {
      "src": "../../../../../node_modules/@angular/router/fesm2022/router.mjs",
      "file": "@angular_router.js",
      "fileHash": "f62019df",
      "needsInterop": false
    },
    "@angular/common": {
      "src": "../../../../../node_modules/@angular/common/fesm2022/common.mjs",
      "file": "@angular_common.js",
      "fileHash": "086e608c",
      "needsInterop": false
    },
    "@angular/forms": {
      "src": "../../../../../node_modules/@angular/forms/fesm2022/forms.mjs",
      "file": "@angular_forms.js",
      "fileHash": "acd3c40d",
      "needsInterop": false
    }
  },
  "chunks": {
    "chunk-2K7GTJIY": {
      "file": "chunk-2K7GTJIY.js"
    },
    "chunk-BDSR2EP6": {
      "file": "chunk-BDSR2EP6.js"
    },
    "chunk-NGLUOGFD": {
      "file": "chunk-NGLUOGFD.js"
    }
  }
}