{
  "hash": "f9f71104",
  "configHash": "692043a7",
  "lockfileHash": "2d2c75cc",
  "browserHash": "7733437f",
  "optimized": {
    "@angular/core": {
      "src": "../../../../../node_modules/@angular/core/fesm2022/core.mjs",
      "file": "@angular_core.js",
      "fileHash": "7dde9e96",
      "needsInterop": false
    },
    "@angular/forms": {
      "src": "../../../../../node_modules/@angular/forms/fesm2022/forms.mjs",
      "file": "@angular_forms.js",
      "fileHash": "4cb6811a",
      "needsInterop": false
    },
    "@angular/platform-browser": {
      "src": "../../../../../node_modules/@angular/platform-browser/fesm2022/platform-browser.mjs",
      "file": "@angular_platform-browser.js",
      "fileHash": "70cd3e5f",
      "needsInterop": false
    },
    "@angular/router": {
      "src": "../../../../../node_modules/@angular/router/fesm2022/router.mjs",
      "file": "@angular_router.js",
      "fileHash": "509c4486",
      "needsInterop": false
    }
  },
  "chunks": {
    "chunk-5SUFD5YD": {
      "file": "chunk-5SUFD5YD.js"
    },
    "chunk-7WP4JF6Q": {
      "file": "chunk-7WP4JF6Q.js"
    },
    "chunk-NGLUOGFD": {
      "file": "chunk-NGLUOGFD.js"
    }
  }
}