{
  "hash": "3f5d92c1",
  "configHash": "6c9ad38a",
  "lockfileHash": "2d2c75cc",
  "browserHash": "e130eced",
  "optimized": {
    "@angular/core": {
      "src": "../../../../../node_modules/@angular/core/fesm2022/core.mjs",
      "file": "@angular_core.js",
      "fileHash": "876ee18c",
      "needsInterop": false
    },
    "@angular/platform-browser": {
      "src": "../../../../../node_modules/@angular/platform-browser/fesm2022/platform-browser.mjs",
      "file": "@angular_platform-browser.js",
      "fileHash": "6b5cfb98",
      "needsInterop": false
    },
    "@angular/router": {
      "src": "../../../../../node_modules/@angular/router/fesm2022/router.mjs",
      "file": "@angular_router.js",
      "fileHash": "fbb59134",
      "needsInterop": false
    }
  },
  "chunks": {
    "chunk-UEBAAGOC": {
      "file": "chunk-UEBAAGOC.js"
    },
    "chunk-KJBDP7EP": {
      "file": "chunk-KJBDP7EP.js"
    }
  }
}